# Time, Reward, Input, RodPos, RodVel, ActPos, ActVel
0.000000000000000000e+00,0.000000000000000000e+00,0.000000000000000000e+00,-2.006281249999999818e-03,0.000000000000000000e+00,4.000000000000000083e-03,0.000000000000000000e+00
1.000000000000000021e-02,-2.849182393181020744e-03,9.999988555908203125e+00,-2.857723399539552431e-03,-8.514421495395524397e-02,4.999998855590820704e-03,9.999988555908202736e-02
2.000000000000000042e-02,-2.422226086806965242e-03,-1.000000000000000000e+01,-2.429489984736745659e-03,4.282334148028069110e-02,4.999997711181641304e-03,-1.144409179781868957e-07
2.999999999999999889e-02,-4.730151507301131480e-04,-1.000000000000000000e+01,-9.488683923652284791e-04,1.480621592371517137e-01,3.999996566772461015e-03,-1.000001144409179837e-01
4.000000000000000083e-02,2.107308351125532307e-04,-1.000000000000000000e+01,8.454523523576294112e-04,1.794320744722857908e-01,1.999995422363281140e-03,-2.000001144409179754e-01
5.000000000000000278e-02,3.575296112011961389e-04,-1.000000000000000000e+01,2.510216221019366881e-03,1.664763868661737478e-01,0.000000000000000000e+00,-3.000001144409180087e-01
5.999999999999999778e-02,4.549179668611648560e-04,0.000000000000000000e+00,3.193980089681104466e-03,6.837638686617374117e-02,0.000000000000000000e+00,-3.000001144409180087e-01
7.000000000000000666e-02,2.265758340737357424e-04,1.000000000000000000e+01,2.045300834403962487e-03,-1.148679255277142014e-01,0.000000000000000000e+00,-2.000001144409180032e-01
