# Time, Reward, Input, RodPos, RodVel, ActPos, ActVel
0.000000000000000000e+00,0.000000000000000000e+00,0.000000000000000000e+00,-2.006281249999999818e-03,0.000000000000000000e+00,4.000000000000000083e-03,0.000000000000000000e+00
1.000000000000000021e-02,-1.151400805989352639e-03,-9.999946594238281250e+00,-1.154842673257979423e-03,8.514385767420203088e-02,3.000005340576171898e-03,-9.999946594238282027e-02
2.000000000000000042e-02,1.013060492732024221e-06,-8.623979568481445312e+00,2.648070474739819269e-06,1.157490743732719207e-01,1.137612724304198951e-03,-1.862392616271972834e-01
2.999999999999999889e-02,1.860383084510181418e-04,-9.292825698852539062e+00,9.703700685325095500e-04,9.677219980577697611e-02,0.000000000000000000e+00,-2.791675186157226429e-01
4.000000000000000083e-02,1.834926641643208416e-04,0.000000000000000000e+00,9.570920665902792881e-04,-1.327800194223030528e-03,0.000000000000000000e+00,-2.791675186157226429e-01
