# Time, Reward, Input, RodPos, RodVel, ActPos, ActVel
0.000000000000000000e+00,0.000000000000000000e+00,0.000000000000000000e+00,-2.006281249999999818e-03,0.000000000000000000e+00,4.000000000000000083e-03,0.000000000000000000e+00
1.000000000000000021e-02,-1.151383974138704344e-03,-1.000000000000000000e+01,-1.154838126061120355e-03,8.514431239388793593e-02,3.000000000000000062e-03,-1.000000000000000056e-01
2.000000000000000042e-02,3.981629680023351226e-05,-9.999891281127929688e+00,1.198059345458549370e-04,1.274644060606975327e-01,1.000010871887206925e-03,-1.999989128112792947e-01
