# Time, Reward, Input, RodPos, RodVel, ActPos, ActVel
0.000000000000000000e+00,0.000000000000000000e+00,0.000000000000000000e+00,-2.006281249999999818e-03,0.000000000000000000e+00,4.000000000000000083e-03,0.000000000000000000e+00
1.000000000000000021e-02,-1.153567953881146470e-03,-9.993078231811523438e+00,-1.155427475254077949e-03,8.508537747459217482e-02,3.000692176818847874e-03,-9.993078231811523826e-02
2.000000000000000042e-02,3.955119127728901914e-05,-9.999921798706054688e+00,1.189262474656886670e-04,1.274353722719766546e-01,1.001392173767089947e-03,-1.999300003051757701e-01
2.999999999999999889e-02,2.100885677156218937e-04,-9.999998092651367188e+00,1.263722931724446837e-03,1.144796684258758135e-01,0.000000000000000000e+00,-2.999299812316894576e-01
4.000000000000000083e-02,2.373190704853491882e-04,0.000000000000000000e+00,1.427519615983204905e-03,1.637966842587580685e-02,0.000000000000000000e+00,-2.999299812316894576e-01
5.000000000000000278e-02,1.014624916209795879e-04,0.000000000000000000e+00,6.103163002419628724e-04,-8.172033157412419979e-02,0.000000000000000000e+00,-2.999299812316894576e-01
