# Time, Reward, Input, RodPos, RodVel, ActPos, ActVel
0.000000000000000000e+00,0.000000000000000000e+00,0.000000000000000000e+00,-2.006281249999999818e-03,0.000000000000000000e+00,4.000000000000000083e-03,0.000000000000000000e+00
1.000000000000000021e-02,-1.154838126061120355e-03,-1.000000000000000000e+01,-1.154838126061120355e-03,8.514431239388793593e-02,3.000000000000000062e-03,-1.000000000000000056e-01
2.000000000000000042e-02,1.198151913394619652e-04,-1.000000000000000000e+01,1.198151913394619652e-04,1.274653317400582242e-01,1.000000000000000021e-03,-2.000000000000000111e-01
2.999999999999999889e-02,1.264911632678923648e-03,-1.000000000000000000e+01,1.264911632678923648e-03,1.145096441339461674e-01,0.000000000000000000e+00,-3.000000000000000444e-01
4.000000000000000083e-02,1.429008074018385229e-03,0.000000000000000000e+00,1.429008074018385229e-03,1.640964413394616073e-02,0.000000000000000000e+00,-3.000000000000000444e-01
5.000000000000000278e-02,6.121045153578467089e-04,0.000000000000000000e+00,6.121045153578467089e-04,-8.169035586605384591e-02,0.000000000000000000e+00,-3.000000000000000444e-01
